,id,url,text,likes,dataType,timestamp,csv_file
0,t3_7edlsj,https://www.reddit.com/r/removalbot/comments/7edlsj/1121_0022_bitcoin_hits_new_alltime_high_of_8270/,"[Bitcoin Hits New All-Time High of $8,270, Market Cap Exceeds $136 Billion](https://reddit.com//r/Bitcoin/comments/7ebch1)

[Go1dfish undelete link](http://r.go1dfish.me/r/Bitcoin/comments/7ebch1)

[unreddit undelete link](https://unreddit.com/r/Bitcoin/comments/7ebch1)

Author: /u/AnarchoCapitalism95",1,post,2017-11-21T00:22:55.000Z,test_duplicate.csv
6,t3_7edlsj,https://www.reddit.com/r/removalbot/comments/7edlsj/1121_0022_bitcoin_hits_new_alltime_high_of_8270/,"[Bitcoin Hits New All-Time High of $8,270, Market Cap Exceeds $136 Billion](https://reddit.com//r/Bitcoin/comments/7ebch1)

[Go1dfish undelete link](http://r.go1dfish.me/r/Bitcoin/comments/7ebch1)

[unreddit undelete link](https://unreddit.com/r/Bitcoin/comments/7ebch1)

Author: /u/AnarchoCapitalism95",1,post,2017-11-21T00:22:55.000Z,test_duplicate_2.csv
